<?xml version="1.0" encoding="UTF-8"?>
<export version="E">
  <design>
    <source>C:\Users\H4k4se\Documents\Important Documents\Work Documents\Hana Master Jaya\Fania\incuTester\incuTester\incuTester.kicad_sch</source>
    <date>29/11/2023 08:27:42</date>
    <tool>Eeschema 7.0.6</tool>
    <sheet number="1" name="/" tstamps="/">
      <title_block>
        <title/>
        <company/>
        <rev/>
        <date/>
        <source>incuTester.kicad_sch</source>
        <comment number="1" value=""/>
        <comment number="2" value=""/>
        <comment number="3" value=""/>
        <comment number="4" value=""/>
        <comment number="5" value=""/>
        <comment number="6" value=""/>
        <comment number="7" value=""/>
        <comment number="8" value=""/>
        <comment number="9" value=""/>
      </title_block>
    </sheet>
  </design>
  <components>
    <comp ref="C1">
      <value>100uF/10V</value>
      <footprint>Capacitor_THT:CP_Radial_D8.0mm_P3.50mm</footprint>
      <libsource lib="INCUersa-rescue" part="CP-Device" description=""/>
      <property name="Sheetname" value=""/>
      <property name="Sheetfile" value="incuTester.kicad_sch"/>
      <sheetpath names="/" tstamps="/"/>
      <tstamps>bfef4705-6a9f-4495-b132-9cda68967fb0</tstamps>
    </comp>
    <comp ref="C2">
      <value>100uf/10V</value>
      <footprint>Capacitor_THT:CP_Radial_D8.0mm_P3.50mm</footprint>
      <libsource lib="INCUersa-rescue" part="CP-Device" description=""/>
      <property name="Sheetname" value=""/>
      <property name="Sheetfile" value="incuTester.kicad_sch"/>
      <sheetpath names="/" tstamps="/"/>
      <tstamps>971866ff-60e8-44bb-b684-85e5e58aeab8</tstamps>
    </comp>
    <comp ref="C3">
      <value>100uF/10V</value>
      <footprint>Capacitor_THT:CP_Radial_D8.0mm_P3.50mm</footprint>
      <libsource lib="INCUersa-rescue" part="CP-Device" description=""/>
      <property name="Sheetname" value=""/>
      <property name="Sheetfile" value="incuTester.kicad_sch"/>
      <sheetpath names="/" tstamps="/"/>
      <tstamps>e0c27146-c3de-4c61-9b2c-3fc0a95694a1</tstamps>
    </comp>
    <comp ref="C4">
      <value>22p</value>
      <footprint>Capacitor_THT:C_Disc_D3.0mm_W2.0mm_P2.50mm</footprint>
      <libsource lib="Device" part="C" description="Unpolarized capacitor"/>
      <property name="Sheetname" value=""/>
      <property name="Sheetfile" value="incuTester.kicad_sch"/>
      <property name="ki_description" value="Unpolarized capacitor"/>
      <property name="ki_keywords" value="cap capacitor"/>
      <sheetpath names="/" tstamps="/"/>
      <tstamps>be38c5fa-55b0-40ba-ba0b-ca2447e2a437</tstamps>
    </comp>
    <comp ref="C5">
      <value>22p</value>
      <footprint>Capacitor_THT:C_Disc_D3.0mm_W2.0mm_P2.50mm</footprint>
      <libsource lib="Device" part="C" description="Unpolarized capacitor"/>
      <property name="Sheetname" value=""/>
      <property name="Sheetfile" value="incuTester.kicad_sch"/>
      <property name="ki_description" value="Unpolarized capacitor"/>
      <property name="ki_keywords" value="cap capacitor"/>
      <sheetpath names="/" tstamps="/"/>
      <tstamps>88ba9366-8986-487c-a343-889794225fd0</tstamps>
    </comp>
    <comp ref="D1">
      <value>1N5401</value>
      <footprint>Diode_THT:D_DO-201AD_P15.24mm_Horizontal</footprint>
      <datasheet>http://www.vishay.com/docs/88516/1n5400.pdf</datasheet>
      <libsource lib="Diode" part="1N5401" description="100V 3A General Purpose Rectifier Diode, DO-201AD"/>
      <property name="Sheetname" value=""/>
      <property name="Sheetfile" value="incuTester.kicad_sch"/>
      <property name="ki_description" value="100V 3A General Purpose Rectifier Diode, DO-201AD"/>
      <property name="ki_keywords" value="diode"/>
      <sheetpath names="/" tstamps="/"/>
      <tstamps>4ce958a6-3a82-4b39-82bf-ffb629683704</tstamps>
    </comp>
    <comp ref="i2C1">
      <value>J2</value>
      <footprint>Connector_PinHeader_2.54mm:PinHeader_1x04_P2.54mm_Vertical</footprint>
      <libsource lib="Connector" part="Conn_01x04_Male" description="Generic connector, single row, 01x04, script generated (kicad-library-utils/schlib/autogen/connector/)"/>
      <property name="Sheetname" value=""/>
      <property name="Sheetfile" value="incuTester.kicad_sch"/>
      <property name="ki_description" value="Generic connector, single row, 01x04, script generated (kicad-library-utils/schlib/autogen/connector/)"/>
      <property name="ki_keywords" value="connector"/>
      <sheetpath names="/" tstamps="/"/>
      <tstamps>9cfa3bac-75ed-43a2-91e4-39ab555f9796</tstamps>
    </comp>
    <comp ref="J1">
      <value>SWITCH</value>
      <footprint>Connector_PinHeader_2.54mm:PinHeader_1x02_P2.54mm_Vertical</footprint>
      <libsource lib="Connector" part="Conn_01x02_Male" description="Generic connector, single row, 01x02, script generated (kicad-library-utils/schlib/autogen/connector/)"/>
      <property name="Sheetname" value=""/>
      <property name="Sheetfile" value="incuTester.kicad_sch"/>
      <property name="ki_description" value="Generic connector, single row, 01x02, script generated (kicad-library-utils/schlib/autogen/connector/)"/>
      <property name="ki_keywords" value="connector"/>
      <sheetpath names="/" tstamps="/"/>
      <tstamps>16202ecb-86e0-4fd1-9531-3a5c0cfaf097</tstamps>
    </comp>
    <comp ref="J2">
      <value>RS232</value>
      <footprint>Connector_PinHeader_2.54mm:PinHeader_1x04_P2.54mm_Vertical</footprint>
      <libsource lib="Connector" part="Conn_01x04_Male" description="Generic connector, single row, 01x04, script generated (kicad-library-utils/schlib/autogen/connector/)"/>
      <property name="Sheetname" value=""/>
      <property name="Sheetfile" value="incuTester.kicad_sch"/>
      <property name="ki_description" value="Generic connector, single row, 01x04, script generated (kicad-library-utils/schlib/autogen/connector/)"/>
      <property name="ki_keywords" value="connector"/>
      <sheetpath names="/" tstamps="/"/>
      <tstamps>45242794-88f8-4b19-a50b-5f4b5d105add</tstamps>
    </comp>
    <comp ref="J3">
      <value>AUX</value>
      <footprint>Connector_PinHeader_2.54mm:PinHeader_1x04_P2.54mm_Vertical</footprint>
      <libsource lib="Connector" part="Conn_01x04_Male" description="Generic connector, single row, 01x04, script generated (kicad-library-utils/schlib/autogen/connector/)"/>
      <property name="Sheetname" value=""/>
      <property name="Sheetfile" value="incuTester.kicad_sch"/>
      <property name="ki_description" value="Generic connector, single row, 01x04, script generated (kicad-library-utils/schlib/autogen/connector/)"/>
      <property name="ki_keywords" value="connector"/>
      <sheetpath names="/" tstamps="/"/>
      <tstamps>80bd9e67-56ea-441b-a64d-7495a08947cb</tstamps>
    </comp>
    <comp ref="J4">
      <value>Micro_SD_Card</value>
      <footprint>Connector_Card:microSD_HC_Hirose_DM3AT-SF-PEJM5</footprint>
      <datasheet>http://katalog.we-online.de/em/datasheet/693072010801.pdf</datasheet>
      <libsource lib="Connector" part="Micro_SD_Card" description="Micro SD Card Socket"/>
      <property name="Sheetname" value=""/>
      <property name="Sheetfile" value="incuTester.kicad_sch"/>
      <property name="ki_description" value="Micro SD Card Socket"/>
      <property name="ki_keywords" value="connector SD microsd"/>
      <sheetpath names="/" tstamps="/"/>
      <tstamps>96231aea-0a5d-42e0-b957-565238952be0</tstamps>
    </comp>
    <comp ref="J5">
      <value>T3</value>
      <footprint>Connector_PinHeader_2.54mm:PinHeader_1x04_P2.54mm_Vertical</footprint>
      <libsource lib="Connector" part="Conn_01x04_Male" description="Generic connector, single row, 01x04, script generated (kicad-library-utils/schlib/autogen/connector/)"/>
      <property name="Sheetname" value=""/>
      <property name="Sheetfile" value="incuTester.kicad_sch"/>
      <property name="ki_description" value="Generic connector, single row, 01x04, script generated (kicad-library-utils/schlib/autogen/connector/)"/>
      <property name="ki_keywords" value="connector"/>
      <sheetpath names="/" tstamps="/"/>
      <tstamps>19927776-ab51-42fc-b082-5e8bde865988</tstamps>
    </comp>
    <comp ref="J6">
      <value>T4</value>
      <footprint>Connector_PinHeader_2.54mm:PinHeader_1x04_P2.54mm_Vertical</footprint>
      <libsource lib="Connector" part="Conn_01x04_Male" description="Generic connector, single row, 01x04, script generated (kicad-library-utils/schlib/autogen/connector/)"/>
      <property name="Sheetname" value=""/>
      <property name="Sheetfile" value="incuTester.kicad_sch"/>
      <property name="ki_description" value="Generic connector, single row, 01x04, script generated (kicad-library-utils/schlib/autogen/connector/)"/>
      <property name="ki_keywords" value="connector"/>
      <sheetpath names="/" tstamps="/"/>
      <tstamps>96da151a-2eb8-48db-910a-5342528c3d12</tstamps>
    </comp>
    <comp ref="J7">
      <value>T5</value>
      <footprint>Connector_PinHeader_2.54mm:PinHeader_1x04_P2.54mm_Vertical</footprint>
      <libsource lib="Connector" part="Conn_01x04_Male" description="Generic connector, single row, 01x04, script generated (kicad-library-utils/schlib/autogen/connector/)"/>
      <property name="Sheetname" value=""/>
      <property name="Sheetfile" value="incuTester.kicad_sch"/>
      <property name="ki_description" value="Generic connector, single row, 01x04, script generated (kicad-library-utils/schlib/autogen/connector/)"/>
      <property name="ki_keywords" value="connector"/>
      <sheetpath names="/" tstamps="/"/>
      <tstamps>aa1afa95-cff8-45fa-ab42-7ff133e14765</tstamps>
    </comp>
    <comp ref="J8">
      <value>T6</value>
      <footprint>Connector_PinHeader_2.54mm:PinHeader_1x04_P2.54mm_Vertical</footprint>
      <libsource lib="Connector" part="Conn_01x04_Male" description="Generic connector, single row, 01x04, script generated (kicad-library-utils/schlib/autogen/connector/)"/>
      <property name="Sheetname" value=""/>
      <property name="Sheetfile" value="incuTester.kicad_sch"/>
      <property name="ki_description" value="Generic connector, single row, 01x04, script generated (kicad-library-utils/schlib/autogen/connector/)"/>
      <property name="ki_keywords" value="connector"/>
      <sheetpath names="/" tstamps="/"/>
      <tstamps>1de27a67-7876-41de-80ce-c61490da1a9b</tstamps>
    </comp>
    <comp ref="J9">
      <value>T7</value>
      <footprint>Connector_PinHeader_2.54mm:PinHeader_1x04_P2.54mm_Vertical</footprint>
      <libsource lib="Connector" part="Conn_01x04_Male" description="Generic connector, single row, 01x04, script generated (kicad-library-utils/schlib/autogen/connector/)"/>
      <property name="Sheetname" value=""/>
      <property name="Sheetfile" value="incuTester.kicad_sch"/>
      <property name="ki_description" value="Generic connector, single row, 01x04, script generated (kicad-library-utils/schlib/autogen/connector/)"/>
      <property name="ki_keywords" value="connector"/>
      <sheetpath names="/" tstamps="/"/>
      <tstamps>17af9210-2985-4678-b605-de130e200b6d</tstamps>
    </comp>
    <comp ref="J10">
      <value>T8</value>
      <footprint>Connector_PinHeader_2.54mm:PinHeader_1x04_P2.54mm_Vertical</footprint>
      <libsource lib="Connector" part="Conn_01x04_Male" description="Generic connector, single row, 01x04, script generated (kicad-library-utils/schlib/autogen/connector/)"/>
      <property name="Sheetname" value=""/>
      <property name="Sheetfile" value="incuTester.kicad_sch"/>
      <property name="ki_description" value="Generic connector, single row, 01x04, script generated (kicad-library-utils/schlib/autogen/connector/)"/>
      <property name="ki_keywords" value="connector"/>
      <sheetpath names="/" tstamps="/"/>
      <tstamps>5c7f9cd1-6e10-428f-84b0-daf16181d413</tstamps>
    </comp>
    <comp ref="P1">
      <value>DC IN</value>
      <footprint>Connector_PinHeader_2.54mm:PinHeader_1x02_P2.54mm_Vertical</footprint>
      <libsource lib="Connector" part="Conn_01x02_Male" description="Generic connector, single row, 01x02, script generated (kicad-library-utils/schlib/autogen/connector/)"/>
      <property name="Sheetname" value=""/>
      <property name="Sheetfile" value="incuTester.kicad_sch"/>
      <property name="ki_description" value="Generic connector, single row, 01x02, script generated (kicad-library-utils/schlib/autogen/connector/)"/>
      <property name="ki_keywords" value="connector"/>
      <sheetpath names="/" tstamps="/"/>
      <tstamps>d8309bd1-f8e3-4f9f-a6e0-9c0386c11c25</tstamps>
    </comp>
    <comp ref="P2">
      <value>BATT</value>
      <footprint>Connector_PinHeader_2.54mm:PinHeader_1x02_P2.54mm_Vertical</footprint>
      <libsource lib="Connector" part="Conn_01x02_Male" description="Generic connector, single row, 01x02, script generated (kicad-library-utils/schlib/autogen/connector/)"/>
      <property name="Sheetname" value=""/>
      <property name="Sheetfile" value="incuTester.kicad_sch"/>
      <property name="ki_description" value="Generic connector, single row, 01x02, script generated (kicad-library-utils/schlib/autogen/connector/)"/>
      <property name="ki_keywords" value="connector"/>
      <sheetpath names="/" tstamps="/"/>
      <tstamps>9af63fee-677b-47ce-8839-1f2ba31976aa</tstamps>
    </comp>
    <comp ref="R1">
      <value>10K</value>
      <footprint>Resistor_THT:R_Axial_DIN0207_L6.3mm_D2.5mm_P10.16mm_Horizontal</footprint>
      <libsource lib="Device" part="R" description="Resistor"/>
      <property name="Sheetname" value=""/>
      <property name="Sheetfile" value="incuTester.kicad_sch"/>
      <property name="ki_description" value="Resistor"/>
      <property name="ki_keywords" value="R res resistor"/>
      <sheetpath names="/" tstamps="/"/>
      <tstamps>d69f802c-6d6f-4bbf-9fae-6b345e585f57</tstamps>
    </comp>
    <comp ref="R2">
      <value>4K7</value>
      <footprint>Resistor_THT:R_Axial_DIN0207_L6.3mm_D2.5mm_P10.16mm_Horizontal</footprint>
      <libsource lib="Device" part="R" description="Resistor"/>
      <property name="Sheetname" value=""/>
      <property name="Sheetfile" value="incuTester.kicad_sch"/>
      <property name="ki_description" value="Resistor"/>
      <property name="ki_keywords" value="R res resistor"/>
      <sheetpath names="/" tstamps="/"/>
      <tstamps>9a3f3912-bbab-41d9-b736-d135b802774e</tstamps>
    </comp>
    <comp ref="R3">
      <value>33K</value>
      <footprint>Resistor_THT:R_Axial_DIN0207_L6.3mm_D2.5mm_P10.16mm_Horizontal</footprint>
      <libsource lib="Device" part="R" description="Resistor"/>
      <property name="Sheetname" value=""/>
      <property name="Sheetfile" value="incuTester.kicad_sch"/>
      <property name="ki_description" value="Resistor"/>
      <property name="ki_keywords" value="R res resistor"/>
      <sheetpath names="/" tstamps="/"/>
      <tstamps>fb3ffd6c-0331-4399-b591-7e18690d5a87</tstamps>
    </comp>
    <comp ref="R4">
      <value>22K</value>
      <footprint>Resistor_THT:R_Axial_DIN0207_L6.3mm_D2.5mm_P10.16mm_Horizontal</footprint>
      <libsource lib="Device" part="R" description="Resistor"/>
      <property name="Sheetname" value=""/>
      <property name="Sheetfile" value="incuTester.kicad_sch"/>
      <property name="ki_description" value="Resistor"/>
      <property name="ki_keywords" value="R res resistor"/>
      <sheetpath names="/" tstamps="/"/>
      <tstamps>b3182a95-9ff0-4c06-9614-7eb12fe0dc41</tstamps>
    </comp>
    <comp ref="R5">
      <value>100</value>
      <footprint>Resistor_THT:R_Axial_DIN0207_L6.3mm_D2.5mm_P10.16mm_Horizontal</footprint>
      <libsource lib="Device" part="R" description="Resistor"/>
      <property name="Sheetname" value=""/>
      <property name="Sheetfile" value="incuTester.kicad_sch"/>
      <property name="ki_description" value="Resistor"/>
      <property name="ki_keywords" value="R res resistor"/>
      <sheetpath names="/" tstamps="/"/>
      <tstamps>8471ca10-5e4d-4718-8bee-919990cded8a</tstamps>
    </comp>
    <comp ref="R6">
      <value>100</value>
      <footprint>Resistor_THT:R_Axial_DIN0207_L6.3mm_D2.5mm_P10.16mm_Horizontal</footprint>
      <libsource lib="Device" part="R" description="Resistor"/>
      <property name="Sheetname" value=""/>
      <property name="Sheetfile" value="incuTester.kicad_sch"/>
      <property name="ki_description" value="Resistor"/>
      <property name="ki_keywords" value="R res resistor"/>
      <sheetpath names="/" tstamps="/"/>
      <tstamps>67a89492-41a2-4b11-8faf-bde03e3ef454</tstamps>
    </comp>
    <comp ref="U1">
      <value>DC-DC</value>
      <footprint>eec:DC-DC</footprint>
      <libsource lib="INCUersa-rescue" part="DC-DC-arduino_module" description=""/>
      <property name="Sheetname" value=""/>
      <property name="Sheetfile" value="incuTester.kicad_sch"/>
      <sheetpath names="/" tstamps="/"/>
      <tstamps>c4ffcc5a-3250-457b-aa1a-5c2911a692a0</tstamps>
    </comp>
    <comp ref="U2">
      <value>ATmega328P-P</value>
      <footprint>Package_DIP:DIP-28_W7.62mm</footprint>
      <datasheet>http://ww1.microchip.com/downloads/en/DeviceDoc/ATmega328_P%20AVR%20MCU%20with%20picoPower%20Technology%20Data%20Sheet%2040001984A.pdf</datasheet>
      <libsource lib="MCU_Microchip_ATmega" part="ATmega328P-P" description="20MHz, 32kB Flash, 2kB SRAM, 1kB EEPROM, DIP-28"/>
      <property name="Sheetname" value=""/>
      <property name="Sheetfile" value="incuTester.kicad_sch"/>
      <property name="ki_description" value="20MHz, 32kB Flash, 2kB SRAM, 1kB EEPROM, DIP-28"/>
      <property name="ki_keywords" value="AVR 8bit Microcontroller MegaAVR PicoPower"/>
      <sheetpath names="/" tstamps="/"/>
      <tstamps>7ae7fcf6-3dca-40b0-bd83-2b3823aed3c8</tstamps>
    </comp>
    <comp ref="U3">
      <value>AMS1117-3.3</value>
      <footprint>Package_TO_SOT_SMD:SOT-223-3_TabPin2</footprint>
      <datasheet>http://www.advanced-monolithic.com/pdf/ds1117.pdf</datasheet>
      <libsource lib="Regulator_Linear" part="AMS1117-3.3" description="1A Low Dropout regulator, positive, 3.3V fixed output, SOT-223"/>
      <property name="Sheetname" value=""/>
      <property name="Sheetfile" value="incuTester.kicad_sch"/>
      <property name="ki_description" value="1A Low Dropout regulator, positive, 3.3V fixed output, SOT-223"/>
      <property name="ki_keywords" value="linear regulator ldo fixed positive"/>
      <sheetpath names="/" tstamps="/"/>
      <tstamps>c9e7c39f-ab6f-4f2e-8deb-59ea7f1dda41</tstamps>
    </comp>
    <comp ref="U4">
      <value>TCA9548APWR</value>
      <footprint>Package_DIP:DIP-24_W15.24mm_LongPads</footprint>
      <datasheet>http://www.ti.com/lit/ds/symlink/tca9548a.pdf</datasheet>
      <libsource lib="INCUersa-rescue" part="TCA9548APWR-Interface_Expansion" description=""/>
      <property name="Sheetname" value=""/>
      <property name="Sheetfile" value="incuTester.kicad_sch"/>
      <sheetpath names="/" tstamps="/"/>
      <tstamps>4b9833da-85e0-4df8-9316-f3af9084ef4d</tstamps>
    </comp>
    <comp ref="X1">
      <value>Crystal</value>
      <footprint>Crystal:Crystal_HC18-U_Vertical</footprint>
      <libsource lib="Device" part="Crystal" description="Two pin crystal"/>
      <property name="Sheetname" value=""/>
      <property name="Sheetfile" value="incuTester.kicad_sch"/>
      <property name="ki_description" value="Two pin crystal"/>
      <property name="ki_keywords" value="quartz ceramic resonator oscillator"/>
      <sheetpath names="/" tstamps="/"/>
      <tstamps>f1ee44f6-7c58-44f4-bc9f-255f6583044b</tstamps>
    </comp>
  </components>
  <libparts>
    <libpart lib="Connector" part="Conn_01x02_Male">
      <description>Generic connector, single row, 01x02, script generated (kicad-library-utils/schlib/autogen/connector/)</description>
      <docs>~</docs>
      <footprints>
        <fp>Connector*:*_1x??_*</fp>
      </footprints>
      <fields>
        <field name="Reference">J</field>
        <field name="Value">Conn_01x02_Male</field>
        <field name="Datasheet">~</field>
      </fields>
      <pins>
        <pin num="1" name="Pin_1" type="passive"/>
        <pin num="2" name="Pin_2" type="passive"/>
      </pins>
    </libpart>
    <libpart lib="Connector" part="Conn_01x04_Male">
      <description>Generic connector, single row, 01x04, script generated (kicad-library-utils/schlib/autogen/connector/)</description>
      <docs>~</docs>
      <footprints>
        <fp>Connector*:*_1x??_*</fp>
      </footprints>
      <fields>
        <field name="Reference">J</field>
        <field name="Value">Conn_01x04_Male</field>
        <field name="Datasheet">~</field>
      </fields>
      <pins>
        <pin num="1" name="Pin_1" type="passive"/>
        <pin num="2" name="Pin_2" type="passive"/>
        <pin num="3" name="Pin_3" type="passive"/>
        <pin num="4" name="Pin_4" type="passive"/>
      </pins>
    </libpart>
    <libpart lib="Connector" part="Micro_SD_Card">
      <description>Micro SD Card Socket</description>
      <docs>http://katalog.we-online.de/em/datasheet/693072010801.pdf</docs>
      <footprints>
        <fp>microSD*</fp>
      </footprints>
      <fields>
        <field name="Reference">J</field>
        <field name="Value">Micro_SD_Card</field>
        <field name="Datasheet">http://katalog.we-online.de/em/datasheet/693072010801.pdf</field>
      </fields>
      <pins>
        <pin num="1" name="DAT2" type="bidirectional"/>
        <pin num="2" name="DAT3/CD" type="bidirectional"/>
        <pin num="3" name="CMD" type="input"/>
        <pin num="4" name="VDD" type="power_in"/>
        <pin num="5" name="CLK" type="input"/>
        <pin num="6" name="VSS" type="power_in"/>
        <pin num="7" name="DAT0" type="bidirectional"/>
        <pin num="8" name="DAT1" type="bidirectional"/>
        <pin num="9" name="SHIELD" type="passive"/>
      </pins>
    </libpart>
    <libpart lib="Device" part="C">
      <description>Unpolarized capacitor</description>
      <docs>~</docs>
      <footprints>
        <fp>C_*</fp>
      </footprints>
      <fields>
        <field name="Reference">C</field>
        <field name="Value">C</field>
        <field name="Datasheet">~</field>
      </fields>
      <pins>
        <pin num="1" name="" type="passive"/>
        <pin num="2" name="" type="passive"/>
      </pins>
    </libpart>
    <libpart lib="Device" part="Crystal">
      <description>Two pin crystal</description>
      <docs>~</docs>
      <footprints>
        <fp>Crystal*</fp>
      </footprints>
      <fields>
        <field name="Reference">Y</field>
        <field name="Value">Crystal</field>
        <field name="Datasheet">~</field>
      </fields>
      <pins>
        <pin num="1" name="1" type="passive"/>
        <pin num="2" name="2" type="passive"/>
      </pins>
    </libpart>
    <libpart lib="Device" part="R">
      <description>Resistor</description>
      <docs>~</docs>
      <footprints>
        <fp>R_*</fp>
      </footprints>
      <fields>
        <field name="Reference">R</field>
        <field name="Value">R</field>
        <field name="Datasheet">~</field>
      </fields>
      <pins>
        <pin num="1" name="" type="passive"/>
        <pin num="2" name="" type="passive"/>
      </pins>
    </libpart>
    <libpart lib="Diode" part="1N5401">
      <description>100V 3A General Purpose Rectifier Diode, DO-201AD</description>
      <docs>http://www.vishay.com/docs/88516/1n5400.pdf</docs>
      <footprints>
        <fp>D*DO?201AD*</fp>
      </footprints>
      <fields>
        <field name="Reference">D</field>
        <field name="Value">1N5401</field>
        <field name="Footprint">Diode_THT:D_DO-201AD_P15.24mm_Horizontal</field>
        <field name="Datasheet">http://www.vishay.com/docs/88516/1n5400.pdf</field>
      </fields>
      <pins>
        <pin num="1" name="K" type="passive"/>
        <pin num="2" name="A" type="passive"/>
      </pins>
    </libpart>
    <libpart lib="INCUersa-rescue" part="CP-Device">
      <footprints>
        <fp>CP_*</fp>
      </footprints>
      <fields>
        <field name="Reference">C</field>
        <field name="Value">CP-Device</field>
      </fields>
      <pins>
        <pin num="1" name="" type="passive"/>
        <pin num="2" name="" type="passive"/>
      </pins>
    </libpart>
    <libpart lib="INCUersa-rescue" part="DC-DC-arduino_module">
      <footprints>
        <fp>DC-DC</fp>
      </footprints>
      <fields>
        <field name="Reference">U</field>
        <field name="Value">DC-DC-arduino_module</field>
      </fields>
      <pins>
        <pin num="1" name="+IN" type="passive"/>
        <pin num="2" name="-IN" type="passive"/>
        <pin num="3" name="+5V" type="power_out"/>
        <pin num="4" name="GND" type="passive"/>
      </pins>
    </libpart>
    <libpart lib="INCUersa-rescue" part="TCA9548APWR-Interface_Expansion">
      <footprints>
        <fp>TSSOP*4.4x7.8mm*P0.65mm*</fp>
      </footprints>
      <fields>
        <field name="Reference">U</field>
        <field name="Value">TCA9548APWR-Interface_Expansion</field>
        <field name="Footprint">Package_DIP:DIP-24_W15.24mm_LongPads</field>
      </fields>
      <pins>
        <pin num="1" name="VCC" type="power_in"/>
        <pin num="2" name="GND" type="power_in"/>
        <pin num="3" name="SDA" type="bidirectional"/>
        <pin num="4" name="SCL" type="bidirectional"/>
        <pin num="5" name="RESET" type="input"/>
        <pin num="6" name="A0" type="input"/>
        <pin num="7" name="A1" type="input"/>
        <pin num="8" name="A2" type="input"/>
        <pin num="9" name="SD0" type="bidirectional"/>
        <pin num="10" name="SC0" type="bidirectional"/>
        <pin num="11" name="SD1" type="bidirectional"/>
        <pin num="12" name="SC1" type="bidirectional"/>
        <pin num="13" name="SD2" type="bidirectional"/>
        <pin num="14" name="SC2" type="bidirectional"/>
        <pin num="15" name="SD3" type="bidirectional"/>
        <pin num="16" name="SC3" type="bidirectional"/>
        <pin num="17" name="SD4" type="bidirectional"/>
        <pin num="18" name="SC4" type="bidirectional"/>
        <pin num="19" name="SD5" type="bidirectional"/>
        <pin num="20" name="SC5" type="bidirectional"/>
        <pin num="21" name="SD6" type="bidirectional"/>
        <pin num="22" name="SC6" type="bidirectional"/>
        <pin num="23" name="SD7" type="bidirectional"/>
        <pin num="24" name="SC7" type="bidirectional"/>
      </pins>
    </libpart>
    <libpart lib="MCU_Microchip_ATmega" part="ATmega328P-P">
      <description>20MHz, 32kB Flash, 2kB SRAM, 1kB EEPROM, DIP-28</description>
      <docs>http://ww1.microchip.com/downloads/en/DeviceDoc/ATmega328_P%20AVR%20MCU%20with%20picoPower%20Technology%20Data%20Sheet%2040001984A.pdf</docs>
      <footprints>
        <fp>DIP*W7.62mm*</fp>
      </footprints>
      <fields>
        <field name="Reference">U</field>
        <field name="Value">ATmega328P-P</field>
        <field name="Footprint">Package_DIP:DIP-28_W7.62mm</field>
        <field name="Datasheet">http://ww1.microchip.com/downloads/en/DeviceDoc/ATmega328_P%20AVR%20MCU%20with%20picoPower%20Technology%20Data%20Sheet%2040001984A.pdf</field>
      </fields>
      <pins>
        <pin num="1" name="~{RESET}/PC6" type="bidirectional"/>
        <pin num="2" name="PD0" type="bidirectional"/>
        <pin num="3" name="PD1" type="bidirectional"/>
        <pin num="4" name="PD2" type="bidirectional"/>
        <pin num="5" name="PD3" type="bidirectional"/>
        <pin num="6" name="PD4" type="bidirectional"/>
        <pin num="7" name="VCC" type="power_in"/>
        <pin num="8" name="GND" type="power_in"/>
        <pin num="9" name="XTAL1/PB6" type="bidirectional"/>
        <pin num="10" name="XTAL2/PB7" type="bidirectional"/>
        <pin num="11" name="PD5" type="bidirectional"/>
        <pin num="12" name="PD6" type="bidirectional"/>
        <pin num="13" name="PD7" type="bidirectional"/>
        <pin num="14" name="PB0" type="bidirectional"/>
        <pin num="15" name="PB1" type="bidirectional"/>
        <pin num="16" name="PB2" type="bidirectional"/>
        <pin num="17" name="PB3" type="bidirectional"/>
        <pin num="18" name="PB4" type="bidirectional"/>
        <pin num="19" name="PB5" type="bidirectional"/>
        <pin num="20" name="AVCC" type="power_in"/>
        <pin num="21" name="AREF" type="passive"/>
        <pin num="22" name="GND" type="passive"/>
        <pin num="23" name="PC0" type="bidirectional"/>
        <pin num="24" name="PC1" type="bidirectional"/>
        <pin num="25" name="PC2" type="bidirectional"/>
        <pin num="26" name="PC3" type="bidirectional"/>
        <pin num="27" name="PC4" type="bidirectional"/>
        <pin num="28" name="PC5" type="bidirectional"/>
      </pins>
    </libpart>
    <libpart lib="Regulator_Linear" part="AMS1117-3.3">
      <description>1A Low Dropout regulator, positive, 3.3V fixed output, SOT-223</description>
      <docs>http://www.advanced-monolithic.com/pdf/ds1117.pdf</docs>
      <footprints>
        <fp>SOT?223*TabPin2*</fp>
      </footprints>
      <fields>
        <field name="Reference">U</field>
        <field name="Value">AMS1117-3.3</field>
        <field name="Footprint">Package_TO_SOT_SMD:SOT-223-3_TabPin2</field>
        <field name="Datasheet">http://www.advanced-monolithic.com/pdf/ds1117.pdf</field>
      </fields>
      <pins>
        <pin num="1" name="GND" type="power_in"/>
        <pin num="2" name="VO" type="power_out"/>
        <pin num="3" name="VI" type="power_in"/>
      </pins>
    </libpart>
  </libparts>
  <libraries>
    <library logical="Connector">
      <uri>C:\Program Files\KiCad\7.0\share\kicad\symbols\/Connector.kicad_sym</uri>
    </library>
    <library logical="Device">
      <uri>C:\Program Files\KiCad\7.0\share\kicad\symbols\/Device.kicad_sym</uri>
    </library>
    <library logical="Diode">
      <uri>C:\Program Files\KiCad\7.0\share\kicad\symbols\/Diode.kicad_sym</uri>
    </library>
    <library logical="MCU_Microchip_ATmega">
      <uri>C:\Program Files\KiCad\7.0\share\kicad\symbols\/MCU_Microchip_ATmega.kicad_sym</uri>
    </library>
    <library logical="Regulator_Linear">
      <uri>C:\Program Files\KiCad\7.0\share\kicad\symbols\/Regulator_Linear.kicad_sym</uri>
    </library>
  </libraries>
  <nets>
    <net code="1" name="+5V">
      <node ref="C2" pin="1" pintype="passive"/>
      <node ref="J2" pin="1" pinfunction="Pin_1" pintype="passive"/>
      <node ref="J3" pin="1" pinfunction="Pin_1" pintype="passive"/>
      <node ref="U1" pin="3" pinfunction="+5V" pintype="power_out"/>
      <node ref="U2" pin="20" pinfunction="AVCC" pintype="power_in"/>
      <node ref="U2" pin="7" pinfunction="VCC" pintype="power_in"/>
      <node ref="i2C1" pin="2" pinfunction="Pin_2" pintype="passive"/>
    </net>
    <net code="2" name="/CS">
      <node ref="J4" pin="2" pinfunction="DAT3/CD" pintype="bidirectional"/>
      <node ref="U2" pin="16" pinfunction="PB2" pintype="bidirectional"/>
    </net>
    <net code="3" name="/MISO">
      <node ref="J4" pin="7" pinfunction="DAT0" pintype="bidirectional"/>
      <node ref="U2" pin="18" pinfunction="PB4" pintype="bidirectional"/>
    </net>
    <net code="4" name="/MOSI">
      <node ref="J4" pin="3" pinfunction="CMD" pintype="input"/>
      <node ref="U2" pin="17" pinfunction="PB3" pintype="bidirectional"/>
    </net>
    <net code="5" name="/SCLK">
      <node ref="J4" pin="5" pinfunction="CLK" pintype="input"/>
      <node ref="U2" pin="19" pinfunction="PB5" pintype="bidirectional"/>
    </net>
    <net code="6" name="3v3">
      <node ref="C3" pin="1" pintype="passive"/>
      <node ref="J10" pin="4" pinfunction="Pin_4" pintype="passive"/>
      <node ref="J4" pin="4" pinfunction="VDD" pintype="power_in"/>
      <node ref="J5" pin="4" pinfunction="Pin_4" pintype="passive"/>
      <node ref="J6" pin="4" pinfunction="Pin_4" pintype="passive"/>
      <node ref="J7" pin="4" pinfunction="Pin_4" pintype="passive"/>
      <node ref="J8" pin="4" pinfunction="Pin_4" pintype="passive"/>
      <node ref="J9" pin="4" pinfunction="Pin_4" pintype="passive"/>
      <node ref="U3" pin="2" pinfunction="VO" pintype="power_out"/>
      <node ref="U4" pin="1" pinfunction="VCC" pintype="power_in"/>
    </net>
    <net code="7" name="GND">
      <node ref="C1" pin="2" pintype="passive"/>
      <node ref="C2" pin="2" pintype="passive"/>
      <node ref="C3" pin="2" pintype="passive"/>
      <node ref="J4" pin="6" pinfunction="VSS" pintype="power_in"/>
      <node ref="P1" pin="2" pinfunction="Pin_2" pintype="passive"/>
      <node ref="P2" pin="2" pinfunction="Pin_2" pintype="passive"/>
      <node ref="R2" pin="2" pintype="passive"/>
      <node ref="R4" pin="2" pintype="passive"/>
      <node ref="U1" pin="2" pinfunction="-IN" pintype="passive"/>
      <node ref="U1" pin="4" pinfunction="GND" pintype="passive"/>
      <node ref="U2" pin="22" pinfunction="GND" pintype="passive"/>
      <node ref="U2" pin="8" pinfunction="GND" pintype="power_in"/>
      <node ref="U3" pin="1" pinfunction="GND" pintype="power_in"/>
    </net>
    <net code="8" name="Net-(D1-A)">
      <node ref="D1" pin="2" pinfunction="A" pintype="passive"/>
      <node ref="P1" pin="1" pinfunction="Pin_1" pintype="passive"/>
      <node ref="R3" pin="2" pintype="passive"/>
    </net>
    <net code="9" name="Net-(D1-K)">
      <node ref="D1" pin="1" pinfunction="K" pintype="passive"/>
      <node ref="J1" pin="2" pinfunction="Pin_2" pintype="passive"/>
      <node ref="P2" pin="1" pinfunction="Pin_1" pintype="passive"/>
    </net>
    <net code="10" name="Net-(J1-Pin_1)">
      <node ref="J1" pin="1" pinfunction="Pin_1" pintype="passive"/>
      <node ref="R1" pin="1" pintype="passive"/>
      <node ref="U1" pin="1" pinfunction="+IN" pintype="passive"/>
    </net>
    <net code="11" name="Net-(J2-Pin_2)">
      <node ref="J2" pin="2" pinfunction="Pin_2" pintype="passive"/>
      <node ref="U2" pin="3" pinfunction="PD1" pintype="bidirectional"/>
    </net>
    <net code="12" name="Net-(J2-Pin_3)">
      <node ref="J2" pin="3" pinfunction="Pin_3" pintype="passive"/>
      <node ref="U2" pin="2" pinfunction="PD0" pintype="bidirectional"/>
    </net>
    <net code="13" name="Net-(J3-Pin_3)">
      <node ref="J3" pin="3" pinfunction="Pin_3" pintype="passive"/>
      <node ref="U2" pin="24" pinfunction="PC1" pintype="bidirectional"/>
    </net>
    <net code="14" name="Net-(J3-Pin_4)">
      <node ref="J3" pin="4" pinfunction="Pin_4" pintype="passive"/>
      <node ref="U2" pin="25" pinfunction="PC2" pintype="bidirectional"/>
    </net>
    <net code="15" name="Net-(J5-Pin_1)">
      <node ref="J5" pin="1" pinfunction="Pin_1" pintype="passive"/>
      <node ref="U4" pin="9" pinfunction="SD0" pintype="bidirectional"/>
    </net>
    <net code="16" name="Net-(J5-Pin_2)">
      <node ref="J5" pin="2" pinfunction="Pin_2" pintype="passive"/>
      <node ref="U4" pin="10" pinfunction="SC0" pintype="bidirectional"/>
    </net>
    <net code="17" name="Net-(J6-Pin_1)">
      <node ref="J6" pin="1" pinfunction="Pin_1" pintype="passive"/>
      <node ref="U4" pin="11" pinfunction="SD1" pintype="bidirectional"/>
    </net>
    <net code="18" name="Net-(J6-Pin_2)">
      <node ref="J6" pin="2" pinfunction="Pin_2" pintype="passive"/>
      <node ref="U4" pin="12" pinfunction="SC1" pintype="bidirectional"/>
    </net>
    <net code="19" name="Net-(J7-Pin_1)">
      <node ref="J7" pin="1" pinfunction="Pin_1" pintype="passive"/>
      <node ref="U4" pin="13" pinfunction="SD2" pintype="bidirectional"/>
    </net>
    <net code="20" name="Net-(J7-Pin_2)">
      <node ref="J7" pin="2" pinfunction="Pin_2" pintype="passive"/>
      <node ref="U4" pin="14" pinfunction="SC2" pintype="bidirectional"/>
    </net>
    <net code="21" name="Net-(J8-Pin_1)">
      <node ref="J8" pin="1" pinfunction="Pin_1" pintype="passive"/>
      <node ref="U4" pin="15" pinfunction="SD3" pintype="bidirectional"/>
    </net>
    <net code="22" name="Net-(J8-Pin_2)">
      <node ref="J8" pin="2" pinfunction="Pin_2" pintype="passive"/>
      <node ref="U4" pin="16" pinfunction="SC3" pintype="bidirectional"/>
    </net>
    <net code="23" name="Net-(J9-Pin_1)">
      <node ref="J9" pin="1" pinfunction="Pin_1" pintype="passive"/>
      <node ref="U4" pin="17" pinfunction="SD4" pintype="bidirectional"/>
    </net>
    <net code="24" name="Net-(J9-Pin_2)">
      <node ref="J9" pin="2" pinfunction="Pin_2" pintype="passive"/>
      <node ref="U4" pin="18" pinfunction="SC4" pintype="bidirectional"/>
    </net>
    <net code="25" name="Net-(J10-Pin_1)">
      <node ref="J10" pin="1" pinfunction="Pin_1" pintype="passive"/>
      <node ref="U4" pin="19" pinfunction="SD5" pintype="bidirectional"/>
    </net>
    <net code="26" name="Net-(J10-Pin_2)">
      <node ref="J10" pin="2" pinfunction="Pin_2" pintype="passive"/>
      <node ref="U4" pin="20" pinfunction="SC5" pintype="bidirectional"/>
    </net>
    <net code="27" name="Net-(J10-Pin_3)">
      <node ref="C4" pin="2" pintype="passive"/>
      <node ref="C5" pin="2" pintype="passive"/>
      <node ref="J10" pin="3" pinfunction="Pin_3" pintype="passive"/>
      <node ref="J2" pin="4" pinfunction="Pin_4" pintype="passive"/>
      <node ref="J3" pin="2" pinfunction="Pin_2" pintype="passive"/>
      <node ref="J5" pin="3" pinfunction="Pin_3" pintype="passive"/>
      <node ref="J6" pin="3" pinfunction="Pin_3" pintype="passive"/>
      <node ref="J7" pin="3" pinfunction="Pin_3" pintype="passive"/>
      <node ref="J8" pin="3" pinfunction="Pin_3" pintype="passive"/>
      <node ref="J9" pin="3" pinfunction="Pin_3" pintype="passive"/>
      <node ref="U4" pin="2" pinfunction="GND" pintype="power_in"/>
      <node ref="U4" pin="6" pinfunction="A0" pintype="input"/>
      <node ref="U4" pin="7" pinfunction="A1" pintype="input"/>
      <node ref="U4" pin="8" pinfunction="A2" pintype="input"/>
      <node ref="i2C1" pin="1" pinfunction="Pin_1" pintype="passive"/>
    </net>
    <net code="28" name="Net-(R1-Pad2)">
      <node ref="R1" pin="2" pintype="passive"/>
      <node ref="R2" pin="1" pintype="passive"/>
      <node ref="R6" pin="2" pintype="passive"/>
    </net>
    <net code="29" name="Net-(R3-Pad1)">
      <node ref="R3" pin="1" pintype="passive"/>
      <node ref="R4" pin="1" pintype="passive"/>
      <node ref="R5" pin="1" pintype="passive"/>
    </net>
    <net code="30" name="Net-(U2-AREF)">
      <node ref="C1" pin="1" pintype="passive"/>
      <node ref="U2" pin="21" pinfunction="AREF" pintype="passive"/>
    </net>
    <net code="31" name="Net-(U2-PC0)">
      <node ref="R6" pin="1" pintype="passive"/>
      <node ref="U2" pin="23" pinfunction="PC0" pintype="bidirectional"/>
    </net>
    <net code="32" name="Net-(U2-PC4)">
      <node ref="U2" pin="27" pinfunction="PC4" pintype="bidirectional"/>
      <node ref="U4" pin="3" pinfunction="SDA" pintype="bidirectional"/>
      <node ref="i2C1" pin="3" pinfunction="Pin_3" pintype="passive"/>
    </net>
    <net code="33" name="Net-(U2-PC5)">
      <node ref="U2" pin="28" pinfunction="PC5" pintype="bidirectional"/>
      <node ref="U4" pin="4" pinfunction="SCL" pintype="bidirectional"/>
      <node ref="i2C1" pin="4" pinfunction="Pin_4" pintype="passive"/>
    </net>
    <net code="34" name="Net-(U2-PD7)">
      <node ref="R5" pin="2" pintype="passive"/>
      <node ref="U2" pin="13" pinfunction="PD7" pintype="bidirectional"/>
    </net>
    <net code="35" name="Net-(U2-XTAL1{slash}PB6)">
      <node ref="C4" pin="1" pintype="passive"/>
      <node ref="U2" pin="9" pinfunction="XTAL1/PB6" pintype="bidirectional"/>
      <node ref="X1" pin="1" pinfunction="1" pintype="passive"/>
    </net>
    <net code="36" name="Net-(U2-XTAL2{slash}PB7)">
      <node ref="C5" pin="1" pintype="passive"/>
      <node ref="U2" pin="10" pinfunction="XTAL2/PB7" pintype="bidirectional"/>
      <node ref="X1" pin="2" pinfunction="2" pintype="passive"/>
    </net>
    <net code="37" name="unconnected-(J4-DAT1-Pad8)">
      <node ref="J4" pin="8" pinfunction="DAT1" pintype="bidirectional+no_connect"/>
    </net>
    <net code="38" name="unconnected-(J4-DAT2-Pad1)">
      <node ref="J4" pin="1" pinfunction="DAT2" pintype="bidirectional+no_connect"/>
    </net>
    <net code="39" name="unconnected-(J4-SHIELD-Pad9)">
      <node ref="J4" pin="9" pinfunction="SHIELD" pintype="passive+no_connect"/>
    </net>
    <net code="40" name="unconnected-(U2-PB0-Pad14)">
      <node ref="U2" pin="14" pinfunction="PB0" pintype="bidirectional+no_connect"/>
    </net>
    <net code="41" name="unconnected-(U2-PB1-Pad15)">
      <node ref="U2" pin="15" pinfunction="PB1" pintype="bidirectional+no_connect"/>
    </net>
    <net code="42" name="unconnected-(U2-PC3-Pad26)">
      <node ref="U2" pin="26" pinfunction="PC3" pintype="bidirectional+no_connect"/>
    </net>
    <net code="43" name="unconnected-(U2-PD2-Pad4)">
      <node ref="U2" pin="4" pinfunction="PD2" pintype="bidirectional+no_connect"/>
    </net>
    <net code="44" name="unconnected-(U2-PD3-Pad5)">
      <node ref="U2" pin="5" pinfunction="PD3" pintype="bidirectional+no_connect"/>
    </net>
    <net code="45" name="unconnected-(U2-PD4-Pad6)">
      <node ref="U2" pin="6" pinfunction="PD4" pintype="bidirectional+no_connect"/>
    </net>
    <net code="46" name="unconnected-(U2-PD5-Pad11)">
      <node ref="U2" pin="11" pinfunction="PD5" pintype="bidirectional+no_connect"/>
    </net>
    <net code="47" name="unconnected-(U2-PD6-Pad12)">
      <node ref="U2" pin="12" pinfunction="PD6" pintype="bidirectional+no_connect"/>
    </net>
    <net code="48" name="unconnected-(U2-~{RESET}{slash}PC6-Pad1)">
      <node ref="U2" pin="1" pinfunction="~{RESET}/PC6" pintype="bidirectional"/>
    </net>
    <net code="49" name="unconnected-(U3-VI-Pad3)">
      <node ref="U3" pin="3" pinfunction="VI" pintype="power_in"/>
    </net>
    <net code="50" name="unconnected-(U4-RESET-Pad5)">
      <node ref="U4" pin="5" pinfunction="RESET" pintype="input+no_connect"/>
    </net>
    <net code="51" name="unconnected-(U4-SC6-Pad22)">
      <node ref="U4" pin="22" pinfunction="SC6" pintype="bidirectional+no_connect"/>
    </net>
    <net code="52" name="unconnected-(U4-SC7-Pad24)">
      <node ref="U4" pin="24" pinfunction="SC7" pintype="bidirectional"/>
    </net>
    <net code="53" name="unconnected-(U4-SD6-Pad21)">
      <node ref="U4" pin="21" pinfunction="SD6" pintype="bidirectional"/>
    </net>
    <net code="54" name="unconnected-(U4-SD7-Pad23)">
      <node ref="U4" pin="23" pinfunction="SD7" pintype="bidirectional"/>
    </net>
  </nets>
</export>
